 {
    "showName" : "Journey To The Edge of Dark Matter",
    "showId" : 320,
    "type" : "tvseries",
    "genres" : ["science fiction", "thriller","drama", "japanese"],
    "numSeasons" : 4,
    "seriesInfo": [
      {
        "seasonNum" : 1,
        "numEpisodes" : 2,
        "episodes": [
          { "episodeID": 1, "lengthMin": 60, "minWatched": 60, "date" : "2022-08-28"},
          { "episodeID": 2, "lengthMin": 60, "minWatched": 60, "date" : "2022-08-29"}
        ]
      },
      {
        "seasonNum": 2,
        "numEpisodes" : 4,
        "episodes": [
          { "episodeID": 11, "lengthMin": 60, "minWatched": 60, "date" : "2022-08-29"},
          { "episodeID": 12, "lengthMin": 55, "minWatched": 55, "date" : "2022-08-30"},
          { "episodeID": 13, "lengthMin": 55, "minWatched": 55, "date" : "2022-08-31"},
          { "episodeID": 14, "lengthMin": 60, "minWatched": 57, "date" : "2022-09-01"}
        ]
      },
      {
        "seasonNum": 3,
        "numEpisodes" : 2,
        "episodes": [
          { "episodeID": 21, "lengthMin": 60, "minWatched": 60, "date" : "2022-09-12"},
          { "episodeID": 22, "lengthMin": 65, "minWatched": 35, "date" : "2022-09-13"}
        ]
      },
      {
        "seasonNum": 4,
        "numEpisodes" : 3,
        "episodes": [
          { "episodeID": 31, "lengthMin": 60, "minWatched": 60, "date" : "2022-09-13"},
          { "episodeID": 32, "lengthMin": 65, "minWatched": 53, "date" : "2022-09-16"},
          { "episodeID": 33, "lengthMin": 65, "minWatched": 60, "date" : "2022-09-17"}
        ]
      }
    ]
}
