 {
    "showName" : "Orange is the new black Comedy",
    "showId" : 109,
    "type" : "tvseries",
    "genres" : ["Crime", "Drama", "english"],
    "numSeasons" : 3,
    "seriesInfo": [
      {
        "seasonNum" : 1,
        "numEpisodes" : 2,
        "episodes": [
          { "episodeID": 87, "lengthMin": 85, "minWatched": 85, "date" : "2021-04-18"},
          { "episodeID": 88, "lengthMin": 60, "minWatched": 60, "date" : "2021-04-18"}
        ]
      },
      {
        "seasonNum": 2,
        "numEpisodes" : 4,
        "episodes": [
          { "episodeID": 89, "lengthMin": 50, "minWatched": 50, "date" : "2021-04-25"},
          { "episodeID": 90, "lengthMin": 45, "minWatched": 45, "date" : "2021-04-27"}
        ]
      },
      {
        "seasonNum": 3,
        "numEpisodes" : 2,
        "episodes": [
          { "episodeID": 91, "lengthMin": 50, "minWatched": 50, "date" : "2021-05-30"},
          { "episodeID": 92, "lengthMin": 45, "minWatched": 45, "date" : "2021-05-31"}
        ]
      }
    ]
}
