 {
    "showName" : "Breaking Band",
    "showId" : 103,
    "type" : "tvseries",
    "genres" : ["drama", "crime", "thriller","french"],
    "numSeasons" : 2,
    "seriesInfo": [
      {
        "seasonNum" : 1,
        "numEpisodes" : 3,
        "episodes": [
          { "episodeID": 29, "lengthMin": 70, "minWatched": 70, "date" : "2021-03-18"},
          { "episodeID": 30, "lengthMin": 60, "minWatched": 60, "date" : "2021-03-19"}
        ]
      },
      {
        "seasonNum": 2,
        "numEpisodes" : 4,
        "episodes": [
          { "episodeID": 32, "lengthMin": 50, "minWatched": 50, "date" : "2021-03-25"},
          { "episodeID": 33, "lengthMin": 45, "minWatched": 45, "date" : "2021-03-26"},
          { "episodeID": 34, "lengthMin": 45, "minWatched": 45, "date" : "2021-03-26"}
        ]
      }
    ]
}
