 {
    "showName" : "Narcos",
    "showId" : 124,
    "type" : "tvseries",
    "genres" : ["Drama", "Crime", "Biography","French"],
    "numSeasons" : 4,
    "seriesInfo": [
      {
        "seasonNum" : 1,
        "numEpisodes" : 2,
        "episodes": [
          { "episodeID": 212, "lengthMin": 70, "minWatched": 70, "date" : "2021-02-14"},
          { "episodeID": 213, "lengthMin": 60, "minWatched": 60, "date" : "2021-02-15"}
        ]
      },
      {
        "seasonNum": 2,
        "numEpisodes" : 4,
        "episodes": [
          { "episodeID": 214, "lengthMin": 50, "minWatched": 40, "date" : "2021-02-16"},
          { "episodeID": 215, "lengthMin": 45, "minWatched": 45, "date" : "2021-02-17"},
          { "episodeID": 216, "lengthMin": 45, "minWatched": 45, "date" : "2021-02-18"}
        ]
      },
      {
        "seasonNum": 3,
        "numEpisodes" : 2,
        "episodes": [
          { "episodeID": 217, "lengthMin": 50, "minWatched": 48, "date" : "2021-02-19"},
          { "episodeID": 218, "lengthMin": 45, "minWatched": 39, "date" : "2021-02-20"}
        ]
      },
      {
        "seasonNum": 4,
        "numEpisodes" : 3,
        "episodes": [

          { "episodeID": 219, "lengthMin": 50, "minWatched": 50, "date" : "2021-02-21"},
          { "episodeID": 220, "lengthMin": 45, "minWatched": 40, "date" : "2021-02-22"},
          { "episodeID": 221, "lengthMin": 45, "minWatched": 40, "date" : "2021-02-23"}
        ]
      }
    ]
}
