 {
    "showName" : "Mr.Robot Crime",
    "showId" : 116,
    "type" : "tvseries",
    "genres" : ["drama", "Thriller","French"],
    "numSeasons" : 2,
    "seriesInfo": [
      {
        "seasonNum" : 1,
        "numEpisodes" : 2,
        "episodes": [
          { "episodeID": 150, "lengthMin": 70, "minWatched": 70, "date" : "2021-03-18"},
          { "episodeID": 151, "lengthMin": 60, "minWatched": 60, "date" : "2021-03-19"}
        ]
      },
      {
        "seasonNum": 2,
        "numEpisodes" : 3,
        "episodes": [
          { "episodeID": 152, "lengthMin": 50, "minWatched": 50, "date" : "2021-03-25"},
          { "episodeID": 153, "lengthMin": 45, "minWatched": 45, "date" : "2021-03-26"},
          { "episodeID": 154, "lengthMin": 45, "minWatched": 45, "date" : "2021-03-26"}
        ]
      }
    ]
}
