 {
    "showName" : "The Mystery of The Forest",
    "showId" : 304,
    "type" : "tvseries",
    "genres" : ["fantasy", "drama", "animated","japanese"],
    "numSeasons" : 3,
    "seriesInfo": [
      {
        "seasonNum" : 1,
        "numEpisodes" : 2,
        "episodes": [
          { "episodeID": 5, "lengthMin": 70, "minWatched": 70, "date" : "2022-01-01"},
          { "episodeID": 6, "lengthMin": 65, "minWatched": 20, "date" : "2022-01-01"}
        ]
      },
      {
        "seasonNum": 2,
        "numEpisodes" : 3,
        "episodes": [
          { "episodeID": 11, "lengthMin": 65, "minWatched": 65, "date" : "2022-01-05"},
          { "episodeID": 12, "lengthMin": 70, "minWatched": 70, "date" : "2022-01-06"},
          { "episodeID": 13, "lengthMin": 70, "minWatched": 45, "date" : "2022-01-06"}
        ]
      },
      {
        "seasonNum": 3,
        "numEpisodes" : 2,
        "episodes": [
          { "episodeID": 21, "lengthMin": 60, "minWatched": 20, "date" : "2022-01-12"},
          { "episodeID": 22, "lengthMin": 65, "minWatched": 35, "date" : "2022-01-13"}
        ]
      }
    ]
}
