 {
    "showName" : "Martians With Seven Eyes",
    "showId" : 310,
    "type" : "tvseries",
    "genres" : ["science fiction", "western","english"],
    "numSeasons" : 3,
    "seriesInfo": [
      {
        "seasonNum" : 1,
        "numEpisodes" : 2,
        "episodes": [
          { "episodeID": 1, "lengthMin": 70, "minWatched": 70, "date" : "2022-03-11"},
          { "episodeID": 2, "lengthMin": 60, "minWatched": 60, "date" : "2022-03-12"}
        ]
      },
      {
        "seasonNum": 2,
        "numEpisodes" : 4,
        "episodes": [
          { "episodeID": 11, "lengthMin": 70, "minWatched": 70, "date" : "2022-03-12"},
          { "episodeID": 12, "lengthMin": 65, "minWatched": 65, "date" : "2022-03-12"},
          { "episodeID": 13, "lengthMin": 65, "minWatched": 65, "date" : "2022-03-12"},
          { "episodeID": 14, "lengthMin": 65, "minWatched": 45, "date" : "2022-03-12"}
        ]
      },
      {
        "seasonNum": 3,
        "numEpisodes" : 2,
        "episodes": [
          { "episodeID": 21, "lengthMin": 60, "minWatched": 60, "date" : "2022-03-13"},
          { "episodeID": 22, "lengthMin": 65, "minWatched": 35, "date" : "2022-03-23"}
        ]
      }
    ]
}
