 {
    "showName" : "Friends",
    "showId" : 105,
    "type" : "tvseries",
    "genres" : ["comedy", "Romance","English"],
    "numSeasons" : 5,
    "seriesInfo": [
      {
        "seasonNum" : 1,
        "numEpisodes" : 2,
        "episodes": [
          { "episodeID": 46, "lengthMin": 30, "minWatched": 30, "date" : "2021-02-01"},
          { "episodeID": 47, "lengthMin": 30, "minWatched": 30, "date" : "2021-02-02"}
        ]
      },
      {
        "seasonNum": 2,
        "numEpisodes" : 3,
        "episodes": [
          { "episodeID": 48, "lengthMin": 30, "minWatched": 30, "date" : "2021-02-03"},
          { "episodeID": 49, "lengthMin": 30, "minWatched": 30, "date" : "2021-02-04"},
          { "episodeID": 50, "lengthMin": 30, "minWatched": 30, "date" : "2021-02-05"}
        ]
      },
      {
        "seasonNum": 3,
        "numEpisodes" : 2,
        "episodes": [
          { "episodeID": 51, "lengthMin": 30, "minWatched": 30, "date" : "2021-02-06"},
          { "episodeID": 52, "lengthMin": 30, "minWatched": 30, "date" : "2021-02-07"}
        ]
      },
      {
        "seasonNum": 4,
        "numEpisodes" : 3,
        "episodes": [
          { "episodeID": 53, "lengthMin": 30, "minWatched": 30, "date" : "2021-02-08"},
          { "episodeID": 54, "lengthMin": 30, "minWatched": 30, "date" : "2021-02-09"},
          { "episodeID": 55, "lengthMin": 30, "minWatched": 30, "date" : "2021-02-10"}
        ]
      },
      {
        "seasonNum": 5,
        "numEpisodes" : 3,
        "episodes": [
          { "episodeID": 56, "lengthMin": 30, "minWatched": 30, "date" : "2021-02-11"},
          { "episodeID": 57, "lengthMin": 30, "minWatched": 30, "date" : "2021-02-12"},
          { "episodeID": 58, "lengthMin": 30, "minWatched": 30, "date" : "2021-02-13"}
        ]
      }
    ]
}
