 {
    "showName" : "Westworld",
    "showId" : 113,
    "type" : "tvseries",
    "genres" : ["drama", "Mystery", "Sci-fi","french"],
    "numSeasons" : 2,
    "seriesInfo": [
      {
        "seasonNum" : 1,
        "numEpisodes" : 3,
        "episodes": [
          { "episodeID": 120, "lengthMin": 70, "minWatched": 70, "date" : "2021-03-18"},
          { "episodeID": 121, "lengthMin": 60, "minWatched": 60, "date" : "2021-03-19"},
          { "episodeID": 122, "lengthMin": 60, "minWatched": 60, "date" : "2021-03-20"}
        ]
      },
      {
        "seasonNum": 2,
        "numEpisodes" : 3,
        "episodes": [
          { "episodeID": 123, "lengthMin": 50, "minWatched": 50, "date" : "2021-03-25"},
          { "episodeID": 124, "lengthMin": 45, "minWatched": 45, "date" : "2021-03-26"},
          { "episodeID": 125, "lengthMin": 45, "minWatched": 45, "date" : "2021-03-27"}
        ]
      }
    ]
}
