 {
    "showName" : "Black Mirror",
    "showId" : 117,
    "type" : "tvseries",
    "genres" : ["Mystery", "Drama","Sci-Fi","French"],
    "numSeasons" : 3,
    "seriesInfo": [
      {
        "seasonNum" : 1,
        "numEpisodes" : 2,
        "episodes": [
          { "episodeID": 155, "lengthMin": 70, "minWatched": 70, "date" : "2021-02-18"},
          { "episodeID": 156, "lengthMin": 60, "minWatched": 60, "date" : "2021-02-19"}
        ]
      },
      {
        "seasonNum": 2,
        "numEpisodes" : 4,
        "episodes": [
          { "episodeID": 157, "lengthMin": 50, "minWatched": 30, "date" : "2021-02-25"},
          { "episodeID": 158, "lengthMin": 45, "minWatched": 43, "date" : "2021-02-26"},
          { "episodeID": 159, "lengthMin": 45, "minWatched": 45, "date" : "2021-02-26"}
        ]
      },
      {
        "seasonNum": 3,
        "numEpisodes" : 2,
        "episodes": [
          { "episodeID": 161, "lengthMin": 50, "minWatched": 40, "date" : "2021-03-02"},
          { "episodeID": 162, "lengthMin": 45, "minWatched": 35, "date" : "2021-03-03"}
        ]
      },
      {
        "seasonNum": 4,
        "numEpisodes" : 3,
        "episodes": [
          { "episodeID": 163, "lengthMin": 50, "minWatched": 50, "date" : "2021-03-13"},
          { "episodeID": 164, "lengthMin": 45, "minWatched": 44, "date" : "2021-03-16"},
          { "episodeID": 165, "lengthMin": 45, "minWatched": 44, "date" : "2021-03-17"}
        ]
      }
    ]
}
