 {
    "showName" : "The Seventh Dimension",
    "showId" : 308,
    "type" : "tvseries",
    "genres" : ["horror", "thriller", "english"],
    "numSeasons" : 4,
    "seriesInfo": [
      {
        "seasonNum" : 1,
        "numEpisodes" : 2,
        "episodes": [
          { "episodeID": 1, "lengthMin": 60, "minWatched": 60, "date" : "2021-12-13"},
          { "episodeID": 3, "lengthMin": 55, "minWatched": 55, "date" : "2021-12-15"}
        ]
      },
      {
        "seasonNum": 2,
        "numEpisodes" : 3,
        "episodes": [
          { "episodeID": 11, "lengthMin": 55, "minWatched": 40, "date" : "2021-12-16"},
          { "episodeID": 12, "lengthMin": 55, "minWatched": 55, "date" : "2021-12-16"},
          { "episodeID": 13, "lengthMin": 60, "minWatched": 60, "date" : "2021-12-19"}
        ]
      },
      {
        "seasonNum": 3,
        "numEpisodes" : 2,
        "episodes": [
          { "episodeID": 21, "lengthMin": 55, "minWatched": 55, "date" : "2021-12-24"},
          { "episodeID": 23, "lengthMin": 55, "minWatched": 53, "date" : "2021-12-25"}
        ]
      },
      {
        "seasonNum": 4,
        "numEpisodes" : 3,
        "episodes": [

          { "episodeID": 34, "lengthMin": 55, "minWatched": 55, "date" : "2021-12-26"},
          { "episodeID": 35, "lengthMin": 60, "minWatched": 30, "date" : "2021-12-26"},
          { "episodeID": 37, "lengthMin": 60, "minWatched": 17, "date" : "2021-12-27"}
        ]
      }
    ]
}
