 {
    "showName" : "The Super Hmaster",
    "showId" : 301,
    "type" : "tvseries",
    "genres" : ["comedy", "crime", "english"],
    "numSeasons" : 3,
    "seriesInfo": [
      {
        "seasonNum" : 1,
        "numEpisodes" : 3,
        "episodes": [
          { "episodeID": 1, "lengthMin": 60, "minWatched": 60, "date" : "2022-04-18"},
          { "episodeID": 2, "lengthMin": 60, "minWatched": 30, "date" : "2022-04-19"},
          { "episodeID": 3, "lengthMin": 60, "minWatched": 45, "date" : "2022-04-19"}
        ]
      },
      {
        "seasonNum": 2,
        "numEpisodes" : 2,
        "episodes": [
          { "episodeID": 11, "lengthMin": 60, "minWatched": 50, "date" : "2022-05-25"},
          { "episodeID": 13, "lengthMin": 60, "minWatched": 40, "date" : "2022-05-27"}
        ]
      },
      {
        "seasonNum": 3,
        "numEpisodes" : 2,
        "episodes": [
          { "episodeID": 21, "lengthMin": 60, "minWatched": 40, "date" : "2022-05-30"},
          { "episodeID": 24, "lengthMin": 60, "minWatched": 60, "date" : "2022-05-31"}
        ]
      }
    ]
}
