 {
    "showName" : "Vikings",
    "showId" : 125,
    "type" : "tvseries",
    "genres" : ["Drama", "Adventure", "Thriller","Spanish"],
    "numSeasons" : 2,
    "seriesInfo": [
      {
        "seasonNum" : 1,
        "numEpisodes" : 2,
        "episodes": [
          { "episodeID": 222, "lengthMin": 70, "minWatched": 70, "date" : "2021-03-18"},
          { "episodeID": 223, "lengthMin": 60, "minWatched": 60, "date" : "2021-03-19"}
        ]
      },
      {
        "seasonNum": 2,
        "numEpisodes" : 3,
        "episodes": [
          { "episodeID": 223, "lengthMin": 50, "minWatched": 50, "date" : "2021-03-25"},
          { "episodeID": 224, "lengthMin": 45, "minWatched": 45, "date" : "2021-03-26"},
          { "episodeID": 225, "lengthMin": 45, "minWatched": 45, "date" : "2021-03-26"}
        ]
      }
    ]
}
