 {
    "showName" : "Nothing is Impossible, Dude",
    "showId" : 302,
    "type" : "tvseries",
    "genres" : ["action", "adventure", "english"],
    "numSeasons" : 4,
    "seriesInfo": [
      {
        "seasonNum" : 1,
        "numEpisodes" : 3,
        "episodes": [
          { "episodeID": 1, "lengthMin": 70, "minWatched": 70, "date" : "2022-01-18"},
          { "episodeID": 3, "lengthMin": 65, "minWatched": 30, "date" : "2022-03-19"},
          { "episodeID": 4, "lengthMin": 72, "minWatched": 10, "date" : "2022-03-20"}
        ]
      },
      {
        "seasonNum": 2,
        "numEpisodes" : 4,
        "episodes": [
          { "episodeID": 11, "lengthMin": 70, "minWatched": 70, "date" : "2022-03-21"},
          { "episodeID": 12, "lengthMin": 65, "minWatched": 65, "date" : "2022-03-26"},
          { "episodeID": 13, "lengthMin": 60, "minWatched": 35, "date" : "2022-03-26"},
          { "episodeID": 14, "lengthMin": 65, "minWatched": 45, "date" : "2022-04-01"}
        ]
      },
      {
        "seasonNum": 3,
        "numEpisodes" : 2,
        "episodes": [
          { "episodeID": 21, "lengthMin": 70, "minWatched": 20, "date" : "2022-04-02"},
          { "episodeID": 23, "lengthMin": 65, "minWatched": 35, "date" : "2022-04-03"}
        ]
      },
      {
        "seasonNum": 4,
        "numEpisodes" : 3,
        "episodes": [
          { "episodeID": 31, "lengthMin": 60, "minWatched": 60, "date" : "2022-04-10"},
          { "episodeID": 32, "lengthMin": 65, "minWatched": 40, "date" : "2022-04-11"},
          { "episodeID": 33, "lengthMin": 65, "minWatched": 20, "date" : "2022-04-17"}
        ]
      }
    ]
}
