 {
    "showName" : "The Unforgettable Ramen",
    "showId" : 311,
    "type" : "tvseries",
    "genres" : ["comedy", "romance", "japanese"],
    "numSeasons" : 3,
    "seriesInfo": [
      {
        "seasonNum" : 1,
        "numEpisodes" : 2,
        "episodes": [
          { "episodeID": 1, "lengthMin": 35, "minWatched": 35, "date" : "2022-05-12"},
          { "episodeID": 2, "lengthMin": 30, "minWatched": 30, "date" : "2022-05-12"}
        ]
      },
      {
        "seasonNum": 2,
        "numEpisodes" : 2,
        "episodes": [
          { "episodeID": 11, "lengthMin": 30, "minWatched": 30, "date" : "2022-05-13"},
          { "episodeID": 12, "lengthMin": 35, "minWatched": 15, "date" : "2022-05-14"}
        ]
      },
      {
        "seasonNum": 3,
        "numEpisodes" : 2,
        "episodes": [
          { "episodeID": 21, "lengthMin": 30, "minWatched": 30, "date" : "2022-05-30"},
          { "episodeID": 23, "lengthMin": 30, "minWatched": 10, "date" : "2022-05-30"}
        ]
      }
    ]
}
