 {
    "showName" : "The Dynasty Of Takuhashi",
    "showId" : 307,
    "type" : "tvseries",
    "genres" : ["romance", "action","drama","japanese"],
    "numSeasons" : 4,
    "seriesInfo": [
      {
        "seasonNum" : 1,
        "numEpisodes" : 2,
        "episodes": [
          { "episodeID": 1, "lengthMin": 70, "minWatched": 70, "date" : "2022-02-13"},
          { "episodeID": 2, "lengthMin": 60, "minWatched": 60, "date" : "2022-02-14"}
        ]
      },
      {
        "seasonNum": 2,
        "numEpisodes" : 3,
        "episodes": [
          { "episodeID": 11, "lengthMin": 60, "minWatched": 60, "date" : "2022-02-15"},
          { "episodeID": 12, "lengthMin": 65, "minWatched": 40, "date" : "2022-02-16"},
          { "episodeID": 16, "lengthMin": 65, "minWatched": 35, "date" : "2022-02-16"}
        ]
      },
      {
        "seasonNum": 3,
        "numEpisodes" : 2,
        "episodes": [
          { "episodeID": 21, "lengthMin": 70, "minWatched": 10, "date" : "2022-02-16"},
          { "episodeID": 22, "lengthMin": 65, "minWatched": 17, "date" : "2022-02-15"}
        ]
      },
      {
        "seasonNum": 4,
        "numEpisodes" : 3,
        "episodes": [
          { "episodeID": 32, "lengthMin": 60, "minWatched": 60, "date" : "2022-02-13"},
          { "episodeID": 33, "lengthMin": 55, "minWatched": 40, "date" : "2022-03-11"},
          { "episodeID": 35, "lengthMin": 55, "minWatched": 10, "date" : "2022-03-12"}
        ]
      }
    ]
}
