 {
    "showName" : "The Umbrella Academy",
    "showId" : 101,
    "type" : "tvseries",
    "genres" : ["action", "fiction", "english"],
    "numSeasons" : 3,
    "seriesInfo": [
      {
        "seasonNum" : 1,
        "numEpisodes" : 2,
        "episodes": [
          { "episodeID": 10, "lengthMin": 85, "minWatched": 85, "date" : "2021-04-18"},
          { "episodeID": 11, "lengthMin": 60, "minWatched": 60, "date" : "2021-04-18"}
        ]
      },
      {
        "seasonNum": 2,
        "numEpisodes" : 4,
        "episodes": [
          { "episodeID": 12, "lengthMin": 50, "minWatched": 50, "date" : "2021-04-25"},
          { "episodeID": 13, "lengthMin": 45, "minWatched": 40, "date" : "2021-04-27"}
        ]
      },
      {
        "seasonNum": 3,
        "numEpisodes" : 2,
        "episodes": [
          { "episodeID": 16, "lengthMin": 50, "minWatched": 40, "date" : "2021-05-30"},
          { "episodeID": 17, "lengthMin": 45, "minWatched": 40, "date" : "2021-05-31"}
        ]
      }
    ]
}
