 {
    "showName" : "Daredevil",
    "showId" : 104,
    "type" : "tvseries",
    "genres" : ["action", "Crime", "Drama","Spanish"],
    "numSeasons" : 3,
    "seriesInfo": [
      {
        "seasonNum" : 1,
        "numEpisodes" : 2,
        "episodes": [
          { "episodeID": 35, "lengthMin": 70, "minWatched": 70, "date" : "2021-01-18"},
          { "episodeID": 36, "lengthMin": 60, "minWatched": 60, "date" : "2021-01-19"}
        ]
      },
      {
        "seasonNum": 2,
        "numEpisodes" : 4,
        "episodes": [
          { "episodeID": 37, "lengthMin": 50, "minWatched": 30, "date" : "2021-01-25"},
          { "episodeID": 38, "lengthMin": 45, "minWatched": 40, "date" : "2021-01-26"},
          { "episodeID": 39, "lengthMin": 45, "minWatched": 45, "date" : "2021-01-26"}
        ]
      },
      {
        "seasonNum": 3,
        "numEpisodes" : 2,
        "episodes": [
          { "episodeID": 41, "lengthMin": 50, "minWatched": 20, "date" : "2021-02-02"},
          { "episodeID": 42, "lengthMin": 45, "minWatched": 35, "date" : "2021-02-03"}
        ]
      },
      {
        "seasonNum": 4,
        "numEpisodes" : 3,
        "episodes": [
          { "episodeID": 43, "lengthMin": 50, "minWatched": 50, "date" : "2021-02-13"},
          { "episodeID": 44, "lengthMin": 45, "minWatched": 40, "date" : "2021-02-16"},
          { "episodeID": 45, "lengthMin": 45, "minWatched": 40, "date" : "2021-02-17"}
        ]
      }
    ]
}
