 {
    "showName" : "A Tale of the Unknown",
    "showId" : 305,
    "type" : "tvseries",
    "genres" : ["drama", "comedy", "musical","chinese"],
    "numSeasons" : 2,
    "seriesInfo": [
      {
        "seasonNum" : 1,
        "numEpisodes" : 2,
        "episodes": [
          { "episodeID": 1, "lengthMin": 70, "minWatched": 70, "date" : "2022-03-11"},
          { "episodeID": 2, "lengthMin": 60, "minWatched": 20, "date" : "2022-03-13"}
        ]
      },
      {
        "seasonNum": 2,
        "numEpisodes" : 3,
        "episodes": [
          { "episodeID": 12, "lengthMin": 60, "minWatched": 50, "date" : "2022-03-21"},
          { "episodeID": 13, "lengthMin": 65, "minWatched": 65, "date" : "2022-03-21"},
          { "episodeID": 14, "lengthMin": 65, "minWatched": 65, "date" : "2022-03-22"}
        ]
      }
    ]
}
