 {
    "showName" : "Secret Agent 0011",
    "showId" : 306,
    "type" : "tvseries",
    "genres" : ["drama", "crime", "korean"],
    "numSeasons" : 2,
    "seriesInfo": [
      {
        "seasonNum" : 1,
        "numEpisodes" : 3,
        "episodes": [
          { "episodeID": 1, "lengthMin": 55, "minWatched": 55, "date" : "2022-04-14"},
          { "episodeID": 3, "lengthMin": 60, "minWatched": 60, "date" : "2022-04-15"},
          { "episodeID": 4, "lengthMin": 55, "minWatched": 55, "date" : "2022-04-15"}
        ]
      },
      {
        "seasonNum": 2,
        "numEpisodes" : 3,
        "episodes": [
          { "episodeID": 11, "lengthMin": 60, "minWatched": 60, "date" : "2022-04-15"},
          { "episodeID": 12, "lengthMin": 55, "minWatched": 45, "date" : "2022-04-16"},
          { "episodeID": 14, "lengthMin": 55, "minWatched": 35, "date" : "2022-05-26"}
        ]
      }
    ]
}
