 {
    "showName" : "Super Duper Hammy",
    "showId" : 317,
    "type" : "tvseries",
    "genres" : ["comedy", "adventure","animated","japanese"],
    "numSeasons" : 4,
    "seriesInfo": [
      {
        "seasonNum" : 1,
        "numEpisodes" : 2,
        "episodes": [
          { "episodeID": 1, "lengthMin": 30, "minWatched": 30, "date" : "2022-07-18"},
          { "episodeID": 2, "lengthMin": 35, "minWatched": 35, "date" : "2022-07-19"}
        ]
      },
      {
        "seasonNum": 2,
        "numEpisodes" : 3,
        "episodes": [
          { "episodeID": 11, "lengthMin": 30, "minWatched": 30, "date" : "2022-07-19"},
          { "episodeID": 12, "lengthMin": 35, "minWatched": 33, "date" : "2022-07-19"},
          { "episodeID": 13, "lengthMin": 35, "minWatched": 35, "date" : "2022-07-19"}
        ]
      },
      {
        "seasonNum": 3,
        "numEpisodes" : 2,
        "episodes": [
          { "episodeID": 21, "lengthMin": 30, "minWatched": 30, "date" : "2022-07-20"},
          { "episodeID": 22, "lengthMin": 35, "minWatched": 35, "date" : "2022-07-20"}
        ]
      },
      {
        "seasonNum": 4,
        "numEpisodes" : 3,
        "episodes": [
          { "episodeID": 31, "lengthMin": 30, "minWatched": 30, "date" : "2022-07-22"},
          { "episodeID": 32, "lengthMin": 35, "minWatched": 34, "date" : "2022-07-23"},
          { "episodeID": 33, "lengthMin": 35, "minWatched": 35, "date" : "2022-07-23"}
        ]
      }
    ]
}
