 {
    "showName" : "Serlock",
    "showId" : 121,
    "type" : "tvseries",
    "genres" : ["crime", "drama", "mystery", "japanese"],
    "numSeasons" : 3,
    "seriesInfo": [
      {
        "seasonNum" : 1,
        "numEpisodes" : 2,
        "episodes": [
          { "episodeID": 194, "lengthMin": 85, "minWatched": 85, "date" : "2021-04-18"},
          { "episodeID": 195, "lengthMin": 60, "minWatched": 60, "date" : "2021-04-18"}
        ]
      },
      {
        "seasonNum": 2,
        "numEpisodes" : 2,
        "episodes": [
          { "episodeID": 196, "lengthMin": 50, "minWatched": 50, "date" : "2021-04-25"},
          { "episodeID": 197, "lengthMin": 45, "minWatched": 45, "date" : "2021-04-27"}
        ]
      },
      {
        "seasonNum": 3,
        "numEpisodes" : 2,
        "episodes": [
          { "episodeID": 198, "lengthMin": 50, "minWatched": 48, "date" : "2021-05-30"},
          { "episodeID": 199, "lengthMin": 45, "minWatched": 44, "date" : "2021-05-31"}
        ]
      }
    ]
}
