 {
    "showName" : "Somewhere in Nowhere",
    "showId" : 303,
    "type" : "tvseries",
    "genres" : ["animated", "romance", "korean"],
    "numSeasons" : 2,
    "seriesInfo": [
      {
        "seasonNum" : 1,
        "numEpisodes" : 2,
        "episodes": [
          { "episodeID": 1, "lengthMin": 30, "minWatched": 30, "date" : "2022-02-11"},
          { "episodeID": 2, "lengthMin": 35, "minWatched": 10, "date" : "2022-02-12"}
        ]
      },
      {
        "seasonNum": 2,
        "numEpisodes" : 3,
        "episodes": [
          { "episodeID": 12, "lengthMin": 35, "minWatched": 35, "date" : "2022-02-15"},
          { "episodeID": 13, "lengthMin": 35, "minWatched": 30, "date" : "2022-02-17"},
          { "episodeID": 14, "lengthMin": 30, "minWatched": 15, "date" : "2022-02-26"}
        ]
      }
    ]
}
