 {
    "showName" : "The Sword of Momosan",
    "showId" : 319,
    "type" : "tvseries",
    "genres" : ["action", "drama","horror", "japanese"],
    "numSeasons" : 3,
    "seriesInfo": [
      {
        "seasonNum" : 1,
        "numEpisodes" : 2,
        "episodes": [
          { "episodeID": 1, "lengthMin": 55, "minWatched": 55, "date" : "2022-08-23"},
          { "episodeID": 2, "lengthMin": 55, "minWatched": 55, "date" : "2022-08-25"}
        ]
      },
      {
        "seasonNum": 2,
        "numEpisodes" : 3,
        "episodes": [
          { "episodeID": 11, "lengthMin": 50, "minWatched": 50, "date" : "2022-08-25"},
          { "episodeID": 12, "lengthMin": 55, "minWatched": 55, "date" : "2022-08-27"},
          { "episodeID": 13, "lengthMin": 55, "minWatched": 15, "date" : "2022-08-27"}
        ]
      },
      {
        "seasonNum": 3,
        "numEpisodes" : 2,
        "episodes": [
          { "episodeID": 21, "lengthMin": 50, "minWatched": 50, "date" : "2022-08-30"},
          { "episodeID": 22, "lengthMin": 55, "minWatched": 35, "date" : "2022-08-31"}
        ]
      }
    ]
}
