 {
    "showName" : "Stranger things",
    "showId" : 108,
    "type" : "tvseries",
    "genres" : ["Drama", "Horror", "fantasy","english"],
    "numSeasons" : 4,
    "seriesInfo": [
      {
        "seasonNum" : 1,
        "numEpisodes" : 2,
        "episodes": [
          { "episodeID": 76, "lengthMin": 70, "minWatched": 70, "date" : "2021-02-14"},
          { "episodeID": 77, "lengthMin": 60, "minWatched": 60, "date" : "2021-02-15"}
        ]
      },
      {
        "seasonNum": 2,
        "numEpisodes" : 4,
        "episodes": [
          { "episodeID": 78, "lengthMin": 50, "minWatched": 40, "date" : "2021-02-16"},
          { "episodeID": 79, "lengthMin": 45, "minWatched": 45, "date" : "2021-02-17"},
          { "episodeID": 80, "lengthMin": 45, "minWatched": 45, "date" : "2021-02-18"}
        ]
      },
      {
        "seasonNum": 3,
        "numEpisodes" : 2,
        "episodes": [
          { "episodeID": 82, "lengthMin": 50, "minWatched": 48, "date" : "2021-02-19"},
          { "episodeID": 83, "lengthMin": 45, "minWatched": 39, "date" : "2021-02-20"}
        ]
      },
      {
        "seasonNum": 4,
        "numEpisodes" : 3,
        "episodes": [

          { "episodeID": 84, "lengthMin": 50, "minWatched": 50, "date" : "2021-02-21"},
          { "episodeID": 85, "lengthMin": 45, "minWatched": 40, "date" : "2021-02-22"},
          { "episodeID": 86, "lengthMin": 45, "minWatched": 40, "date" : "2021-02-23"}
        ]
      }
    ]
}
