 {
    "showName" : "Arrow Action",
    "showId" : 110,
    "type" : "tvseries",
    "genres" : ["Adventure", "Crime","English"],
    "numSeasons" : 3,
    "seriesInfo": [
      {
        "seasonNum" : 1,
        "numEpisodes" : 2,
        "episodes": [
          { "episodeID": 93, "lengthMin": 70, "minWatched": 70, "date" : "2021-03-18"},
          { "episodeID": 94, "lengthMin": 60, "minWatched": 60, "date" : "2021-03-19"}
        ]
      },
      {
        "seasonNum": 2,
        "numEpisodes" : 4,
        "episodes": [
          { "episodeID": 95, "lengthMin": 50, "minWatched": 30, "date" : "2021-03-25"},
          { "episodeID": 96, "lengthMin": 45, "minWatched": 40, "date" : "2021-03-26"},
          { "episodeID": 97, "lengthMin": 45, "minWatched": 45, "date" : "2021-03-26"},
          { "episodeID": 98, "lengthMin": 45, "minWatched": 45, "date" : "2021-03-26"}
        ]
      },
      {
        "seasonNum": 3,
        "numEpisodes" : 2,
        "episodes": [
          { "episodeID": 99, "lengthMin": 50, "minWatched": 20, "date" : "2021-04-02"},
          { "episodeID": 100, "lengthMin": 45, "minWatched": 35, "date" : "2021-04-03"}
        ]
      },
      {
        "seasonNum": 4,
        "numEpisodes" : 3,
        "episodes": [
          { "episodeID": 101, "lengthMin": 50, "minWatched": 50, "date" : "2021-04-13"},
          { "episodeID": 102, "lengthMin": 45, "minWatched": 40, "date" : "2021-04-16"},
          { "episodeID": 103, "lengthMin": 45, "minWatched": 40, "date" : "2021-04-17"}
        ]
      }
    ]
}
