 {
    "showName" : "The Dancing Hamburger",
    "showId" : 318,
    "type" : "tvseries",
    "genres" : ["comedy", "muscial", "fantasy","english"],
    "numSeasons" : 3,
    "seriesInfo": [
      {
        "seasonNum" : 1,
        "numEpisodes" : 2,
        "episodes": [
          { "episodeID": 1, "lengthMin": 70, "minWatched": 70, "date" : "2022-07-24"},
          { "episodeID": 2, "lengthMin": 60, "minWatched": 60, "date" : "2022-07-25"}
        ]
      },
      {
        "seasonNum": 2,
        "numEpisodes" : 3,
        "episodes": [
          { "episodeID": 11, "lengthMin": 60, "minWatched": 60, "date" : "2022-07-26"},
          { "episodeID": 12, "lengthMin": 65, "minWatched": 65, "date" : "2022-07-27"},
          { "episodeID": 13, "lengthMin": 65, "minWatched": 45, "date" : "2022-07-28"}
        ]
      },
      {
        "seasonNum": 3,
        "numEpisodes" : 2,
        "episodes": [
          { "episodeID": 21, "lengthMin": 60, "minWatched": 60, "date" : "2022-07-30"},
          { "episodeID": 22, "lengthMin": 65, "minWatched": 44, "date" : "2022-07-31"}
        ]
      }
    ]
}
