 {
    "showName" : "Supernatural",
    "showId" : 119,
    "type" : "tvseries",
    "genres" : ["Fantasy", "Drama","Horror", "english"],
    "numSeasons" : 3,
    "seriesInfo": [
      {
        "seasonNum" : 1,
        "numEpisodes" : 2,
        "episodes": [
          { "episodeID": 177, "lengthMin": 85, "minWatched": 85, "date" : "2021-04-13"},
          { "episodeID": 178, "lengthMin": 60, "minWatched": 60, "date" : "2021-04-15"}
        ]
      },
      {
        "seasonNum": 2,
        "numEpisodes" : 3,
        "episodes": [
          { "episodeID": 179, "lengthMin": 50, "minWatched": 50, "date" : "2021-04-25"},
          { "episodeID": 180, "lengthMin": 45, "minWatched": 45, "date" : "2021-04-27"}
        ]
      },
      {
        "seasonNum": 3,
        "numEpisodes" : 2,
        "episodes": [
          { "episodeID": 181, "lengthMin": 50, "minWatched": 50, "date" : "2021-05-30"},
          { "episodeID": 182, "lengthMin": 45, "minWatched": 45, "date" : "2021-05-31"}
        ]
      }
    ]
}
