 {
    "showName" : "The Wild Wild East",
    "showId" : 313,
    "type" : "tvseries",
    "genres" : ["drama", "comedy", "sci-fi","korean"],
    "numSeasons" : 2,
    "seriesInfo": [
      {
        "seasonNum" : 1,
        "numEpisodes" : 3,
        "episodes": [
          { "episodeID": 1, "lengthMin": 60, "minWatched": 60, "date" : "2022-05-11"},
          { "episodeID": 2, "lengthMin": 65, "minWatched": 65, "date" : "2022-05-12"},
          { "episodeID": 3, "lengthMin": 65, "minWatched": 61, "date" : "2022-05-20"}
        ]
      },
      {
        "seasonNum": 2,
        "numEpisodes" : 3,
        "episodes": [
          { "episodeID": 11, "lengthMin": 60, "minWatched": 60, "date" : "2022-05-25"},
          { "episodeID": 12, "lengthMin": 65, "minWatched": 45, "date" : "2022-05-26"},
          { "episodeID": 15, "lengthMin": 62, "minWatched": 62, "date" : "2022-05-27"}
        ]
      }
    ]
}
