 {
    "showName" : "Never Ending Fun",
    "showId" : 315,
    "type" : "tvseries",
    "genres" : ["comedy", "fantasy","musical","english"],
    "numSeasons" : 3,
    "seriesInfo": [
      {
        "seasonNum" : 1,
        "numEpisodes" : 2,
        "episodes": [
          { "episodeID": 1, "lengthMin": 35, "minWatched": 35, "date" : "2022-06-11"},
          { "episodeID": 3, "lengthMin": 35, "minWatched": 25, "date" : "2022-06-11"}
        ]
      },
      {
        "seasonNum": 2,
        "numEpisodes" : 3,
        "episodes": [
          { "episodeID": 11, "lengthMin": 30, "minWatched": 30, "date" : "2022-06-12"},
          { "episodeID": 12, "lengthMin": 35, "minWatched": 35, "date" : "2022-06-12"},
          { "episodeID": 13, "lengthMin": 30, "minWatched": 30, "date" : "2022-06-13"}
        ]
      },
      {
        "seasonNum": 3,
        "numEpisodes" : 2,
        "episodes": [
          { "episodeID": 21, "lengthMin": 35, "minWatched": 35, "date" : "2022-06-13"},
          { "episodeID": 22, "lengthMin": 35, "minWatched": 35, "date" : "2022-06-13"}
        ]
      }
    ]
}
