 {
    "showName" : "Once upon a time ",
    "showId" : 123,
    "type" : "tvseries",
    "genres" : ["Adventure", "Fantasy","Romance","French"],
    "numSeasons" : 2,
    "seriesInfo": [
      {
        "seasonNum" : 1,
        "numEpisodes" : 2,
        "episodes": [
          { "episodeID": 207, "lengthMin": 70, "minWatched": 70, "date" : "2021-03-11"},
          { "episodeID": 208, "lengthMin": 60, "minWatched": 60, "date" : "2021-03-14"}
        ]
      },
      {
        "seasonNum": 2,
        "numEpisodes" : 3,
        "episodes": [
          { "episodeID": 209, "lengthMin": 50, "minWatched": 50, "date" : "2021-03-15"},
          { "episodeID": 210, "lengthMin": 45, "minWatched": 45, "date" : "2021-03-16"},
          { "episodeID": 211, "lengthMin": 45, "minWatched": 45, "date" : "2021-03-19"}
        ]
      }
    ]
}
