 {
    "showName" : "Fly Me To Mars",
    "showId" : 316,
    "type" : "tvseries",
    "genres" : ["drama", "science fiction","italian"],
    "numSeasons" : 2,
    "seriesInfo": [
      {
        "seasonNum" : 1,
        "numEpisodes" : 2,
        "episodes": [
          { "episodeID": 1, "lengthMin": 60, "minWatched": 60, "date" : "2022-04-11"},
          { "episodeID": 2, "lengthMin": 65, "minWatched": 40, "date" : "2022-04-11"}
        ]
      },
      {
        "seasonNum": 2,
        "numEpisodes" : 3,
        "episodes": [
          { "episodeID": 11, "lengthMin": 60, "minWatched": 60, "date" : "2022-04-13"},
          { "episodeID": 12, "lengthMin": 55, "minWatched": 55, "date" : "2022-04-14"},
          { "episodeID": 13, "lengthMin": 55, "minWatched": 45, "date" : "2022-04-15"}
        ]
      }
    ]
}
