 {
    "showName" : "Star Peace",
    "showId" : 312,
    "type" : "tvseries",
    "genres" : ["action", "drama", "fantasy","english"],
    "numSeasons" : 4,
    "seriesInfo": [
      {
        "seasonNum" : 1,
        "numEpisodes" : 2,
        "episodes": [
          { "episodeID": 1, "lengthMin": 60, "minWatched": 60, "date" : "2022-06-21"},
          { "episodeID": 2, "lengthMin": 65, "minWatched": 65, "date" : "2022-06-22"}
        ]
      },
      {
        "seasonNum": 2,
        "numEpisodes" : 3,
        "episodes": [
          { "episodeID": 12, "lengthMin": 60, "minWatched": 48, "date" : "2022-06-25"},
          { "episodeID": 13, "lengthMin": 65, "minWatched": 33, "date" : "2022-06-26"},
          { "episodeID": 14, "lengthMin": 65, "minWatched": 15, "date" : "2022-06-26"}
        ]
      },
      {
        "seasonNum": 3,
        "numEpisodes" : 2,
        "episodes": [
          { "episodeID": 21, "lengthMin": 60, "minWatched": 60, "date" : "2022-06-27"},
          { "episodeID": 22, "lengthMin": 65, "minWatched": 65, "date" : "2022-06-28"}
        ]
      },
      {
        "seasonNum": 4,
        "numEpisodes" : 2,
        "episodes": [

          { "episodeID": 31, "lengthMin": 55, "minWatched": 55, "date" : "2022-06-30"},
          { "episodeID": 32, "lengthMin": 60, "minWatched": 40, "date" : "2022-06-30"}
        ]
      }
    ]
}
