 {
    "showName" : "Silicon Valley Five-O",
    "showId" : 309,
    "type" : "tvseries",
    "genres" : ["comedy", "thriller", "english"],
    "numSeasons" : 3,
    "seriesInfo": [
      {
        "seasonNum" : 1,
        "numEpisodes" : 2,
        "episodes": [
          { "episodeID": 1, "lengthMin": 55, "minWatched": 55, "date" : "2022-04-28"},
          { "episodeID": 8, "lengthMin": 62, "minWatched": 62, "date" : "2022-04-28"}
        ]
      },
      {
        "seasonNum": 2,
        "numEpisodes" : 2,
        "episodes": [
          { "episodeID": 11, "lengthMin": 53, "minWatched": 53, "date" : "2022-04-29"},
          { "episodeID": 12, "lengthMin": 55, "minWatched": 45, "date" : "2022-04-30"}
        ]
      },
      {
        "seasonNum": 3,
        "numEpisodes" : 2,
        "episodes": [
          { "episodeID": 21, "lengthMin": 55, "minWatched": 55, "date" : "2022-05-01"},
          { "episodeID": 22, "lengthMin": 53, "minWatched": 53, "date" : "2022-05-02"}
        ]
      }
    ]
}
