 {
    "showName" : "The vampire diaries",
    "showId" : 114,
    "type" : "tvseries",
    "genres" : ["Fantasy", "Horror", "Drama","English"],
    "numSeasons" : 3,
    "seriesInfo": [
      {
        "seasonNum" : 1,
        "numEpisodes" : 2,
        "episodes": [
          { "episodeID": 126, "lengthMin": 70, "minWatched": 70, "date" : "2021-01-18"},
          { "episodeID": 127, "lengthMin": 60, "minWatched": 60, "date" : "2021-01-19"}
        ]
      },
      {
        "seasonNum": 2,
        "numEpisodes" : 4,
        "episodes": [
          { "episodeID": 128, "lengthMin": 50, "minWatched": 30, "date" : "2021-01-25"},
          { "episodeID": 129, "lengthMin": 45, "minWatched": 40, "date" : "2021-01-26"},
          { "episodeID": 130, "lengthMin": 45, "minWatched": 45, "date" : "2021-01-26"},
          { "episodeID": 131, "lengthMin": 45, "minWatched": 45, "date" : "2021-01-27"}
        ]
      },
      {
        "seasonNum": 3,
        "numEpisodes" : 2,
        "episodes": [
          { "episodeID": 132, "lengthMin": 50, "minWatched": 20, "date" : "2021-02-02"},
          { "episodeID": 133, "lengthMin": 45, "minWatched": 35, "date" : "2021-02-03"}
        ]
      },
      {
        "seasonNum": 4,
        "numEpisodes" : 3,
        "episodes": [
          { "episodeID": 134, "lengthMin": 50, "minWatched": 50, "date" : "2021-02-13"},
          { "episodeID": 135, "lengthMin": 45, "minWatched": 40, "date" : "2021-02-16"},
          { "episodeID": 136, "lengthMin": 45, "minWatched": 40, "date" : "2021-02-17"}
        ]
      }
    ]
}
