 {
    "showName" : "Prison break",
    "showId" : 115,
    "type" : "tvseries",
    "genres" : ["Action", "Crime","Drama","English"],
    "numSeasons" : 5,
    "seriesInfo": [
      {
        "seasonNum" : 1,
        "numEpisodes" : 2,
        "episodes": [
          { "episodeID": 137, "lengthMin": 30, "minWatched": 30, "date" : "2021-02-01"},
          { "episodeID": 138, "lengthMin": 30, "minWatched": 28, "date" : "2021-02-02"}
        ]
      },
      {
        "seasonNum": 2,
        "numEpisodes" : 3,
        "episodes": [
          { "episodeID": 139, "lengthMin": 30, "minWatched": 30, "date" : "2021-02-03"},
          { "episodeID": 140, "lengthMin": 30, "minWatched": 30, "date" : "2021-02-04"},
          { "episodeID": 141, "lengthMin": 30, "minWatched": 27, "date" : "2021-02-05"}
        ]
      },
      {
        "seasonNum": 3,
        "numEpisodes" : 2,
        "episodes": [
          { "episodeID": 142, "lengthMin": 30, "minWatched": 30, "date" : "2021-02-06"},
          { "episodeID": 143, "lengthMin": 30, "minWatched": 17, "date" : "2021-02-07"}
        ]
      },
      {
        "seasonNum": 4,
        "numEpisodes" : 3,
        "episodes": [
          { "episodeID": 144, "lengthMin": 30, "minWatched": 30, "date" : "2021-02-08"},
          { "episodeID": 145, "lengthMin": 30, "minWatched": 30, "date" : "2021-02-09"},
          { "episodeID": 146, "lengthMin": 30, "minWatched": 29, "date" : "2021-02-10"}
        ]
      },
      {
        "seasonNum": 5,
        "numEpisodes" : 3,
        "episodes": [
          { "episodeID": 147, "lengthMin": 30, "minWatched": 19, "date" : "2021-02-11"},
          { "episodeID": 148, "lengthMin": 30, "minWatched": 30, "date" : "2021-02-12"},
          { "episodeID": 149, "lengthMin": 30, "minWatched": 30, "date" : "2021-02-13"}
        ]
      }
    ]
}
