 {
    "showName" : "Flying Into The Black Hole",
    "showId" : 314,
    "type" : "tvseries",
    "genres" : ["science fiction", "thirller", "drama","chinese"],
    "numSeasons" : 3,
    "seriesInfo": [
      {
        "seasonNum" : 1,
        "numEpisodes" : 2,
        "episodes": [
          { "episodeID": 1, "lengthMin": 50, "minWatched": 50, "date" : "2022-06-28"},
          { "episodeID": 2, "lengthMin": 55, "minWatched": 50, "date" : "2022-06-29"}
        ]
      },
      {
        "seasonNum": 2,
        "numEpisodes" : 4,
        "episodes": [
          { "episodeID": 11, "lengthMin": 50, "minWatched": 50, "date" : "2022-06-25"},
          { "episodeID": 12, "lengthMin": 55, "minWatched": 40, "date" : "2022-06-26"},
          { "episodeID": 13, "lengthMin": 55, "minWatched": 55, "date" : "2022-07-16"},
          { "episodeID": 14, "lengthMin": 65, "minWatched": 65, "date" : "2022-07-17"}
        ]
      },
      {
        "seasonNum": 3,
        "numEpisodes" : 2,
        "episodes": [
          { "episodeID": 21, "lengthMin": 50, "minWatched": 50, "date" : "2022-07-18"},
          { "episodeID": 23, "lengthMin": 55, "minWatched": 45, "date" : "2022-07-18"}
        ]
      }      
    ]
}
