 {
    "showName" : "The Big Bang theory Comedy",
    "showId" : 107,
    "type" : "tvseries",
    "genres" : ["Romance", "Drama","French"],
    "numSeasons" : 3,
    "seriesInfo": [
      {
        "seasonNum" : 1,
        "numEpisodes" : 2,
        "episodes": [
          { "episodeID": 65, "lengthMin": 70, "minWatched": 70, "date" : "2021-01-18"},
          { "episodeID": 66, "lengthMin": 60, "minWatched": 60, "date" : "2021-01-19"}
        ]
      },
      {
        "seasonNum": 2,
        "numEpisodes" : 4,
        "episodes": [
          { "episodeID": 67, "lengthMin": 50, "minWatched": 30, "date" : "2021-01-25"},
          { "episodeID": 68, "lengthMin": 45, "minWatched": 40, "date" : "2021-01-26"},
          { "episodeID": 69, "lengthMin": 45, "minWatched": 45, "date" : "2021-01-26"}
        ]
      },
      {
        "seasonNum": 3,
        "numEpisodes" : 2,
        "episodes": [
          { "episodeID": 71, "lengthMin": 50, "minWatched": 20, "date" : "2021-02-02"},
          { "episodeID": 72, "lengthMin": 45, "minWatched": 35, "date" : "2021-02-03"}
        ]
      },
      {
        "seasonNum": 4,
        "numEpisodes" : 3,
        "episodes": [
          { "episodeID": 73, "lengthMin": 50, "minWatched": 50, "date" : "2021-02-13"},
          { "episodeID": 74, "lengthMin": 45, "minWatched": 40, "date" : "2021-02-16"},
          { "episodeID": 75, "lengthMin": 45, "minWatched": 40, "date" : "2021-02-17"}
        ]
      }
    ]
}
