 {
    "showName" : "Money Heist Action",
    "showId" : 111,
    "type" : "tvseries",
    "genres" : ["crime", "drama", "french"],
    "numSeasons" : 3,
    "seriesInfo": [
      {
        "seasonNum" : 1,
        "numEpisodes" : 2,
        "episodes": [
          { "episodeID": 104, "lengthMin": 85, "minWatched": 75, "date" : "2021-02-18"},
          { "episodeID": 105, "lengthMin": 60, "minWatched": 60, "date" : "2021-02-19"}
        ]
      },
      {
        "seasonNum": 2,
        "numEpisodes" : 2,
        "episodes": [
          { "episodeID": 106, "lengthMin": 50, "minWatched": 50, "date" : "2021-02-25"},
          { "episodeID": 107, "lengthMin": 45, "minWatched": 45, "date" : "2021-02-27"}
        ]
      },
      {
        "seasonNum": 3,
        "numEpisodes" : 2,
        "episodes": [
          { "episodeID": 108, "lengthMin": 50, "minWatched": 50, "date" : "2021-02-30"}
        ]
      }
    ]
}
