 {
    "showName" : "Shadow hunters",
    "showId" : 118,
    "type" : "tvseries",
    "genres" : ["Drama", "Action", "fantasy","english"],
    "numSeasons" : 4,
    "seriesInfo": [
      {
        "seasonNum" : 1,
        "numEpisodes" : 2,
        "episodes": [
          { "episodeID": 166, "lengthMin": 70, "minWatched": 70, "date" : "2021-02-14"},
          { "episodeID": 167, "lengthMin": 60, "minWatched": 60, "date" : "2021-02-15"}
        ]
      },
      {
        "seasonNum": 2,
        "numEpisodes" : 4,
        "episodes": [
          { "episodeID": 168, "lengthMin": 50, "minWatched": 48, "date" : "2021-02-16"},
          { "episodeID": 169, "lengthMin": 45, "minWatched": 45, "date" : "2021-02-17"},
          { "episodeID": 170, "lengthMin": 45, "minWatched": 45, "date" : "2021-02-18"}
        ]
      },
      {
        "seasonNum": 3,
        "numEpisodes" : 2,
        "episodes": [
          { "episodeID": 172, "lengthMin": 50, "minWatched": 48, "date" : "2021-02-19"},
          { "episodeID": 173, "lengthMin": 45, "minWatched": 44, "date" : "2021-02-20"}
        ]
      },
      {
        "seasonNum": 4,
        "numEpisodes" : 3,
        "episodes": [

          { "episodeID": 174, "lengthMin": 50, "minWatched": 50, "date" : "2021-02-21"},
          { "episodeID": 175, "lengthMin": 45, "minWatched": 44, "date" : "2021-02-22"},
          { "episodeID": 176, "lengthMin": 45, "minWatched": 45, "date" : "2021-02-23"}
        ]
      }
    ]
}
