 {
    "showName" : "Lucifer",
    "showId" : 106,
    "type" : "tvseries",
    "genres" : ["drama", "crime", "Fantasy","Japanese"],
    "numSeasons" : 2,
    "seriesInfo": [
      {
        "seasonNum" : 1,
        "numEpisodes" : 3,
        "episodes": [
          { "episodeID": 59, "lengthMin": 70, "minWatched": 70, "date" : "2021-03-18"},
          { "episodeID": 60, "lengthMin": 60, "minWatched": 60, "date" : "2021-03-19"}
        ]
      },
      {
        "seasonNum": 2,
        "numEpisodes" : 4,
        "episodes": [
          { "episodeID": 62, "lengthMin": 50, "minWatched": 50, "date" : "2021-03-25"},
          { "episodeID": 63, "lengthMin": 45, "minWatched": 45, "date" : "2021-03-26"},
          { "episodeID": 64, "lengthMin": 45, "minWatched": 45, "date" : "2021-03-26"}
        ]
      }
    ]
}
