 {
    "showName" : "The 100",
    "showId" : 122,
    "type" : "tvseries",
    "genres" : ["drama", "crime", "thriller","french"],
    "numSeasons" : 2,
    "seriesInfo": [
      {
        "seasonNum" : 1,
        "numEpisodes" : 3,
        "episodes": [
          { "episodeID": 200 "lengthMin": 70, "minWatched": 70, "date" : "2021-03-18"},
          { "episodeID": 201, "lengthMin": 60, "minWatched": 60, "date" : "2021-03-19"},
          { "episodeID": 202, "lengthMin": 60, "minWatched": 60, "date" : "2021-03-19"}
        ]
      },
      {
        "seasonNum": 2,
        "numEpisodes" : 4,
        "episodes": [
          { "episodeID": 203, "lengthMin": 50, "minWatched": 50, "date" : "2021-03-25"},
          { "episodeID": 204, "lengthMin": 45, "minWatched": 45, "date" : "2021-03-26"},
          { "episodeID": 205, "lengthMin": 45, "minWatched": 45, "date" : "2021-03-26"},
          { "episodeID": 206, "lengthMin": 60, "minWatched": 60, "date" : "2021-03-19"}
        ]
      }
    ]
}
