 {
    "showName" : "Teen wolf ",
    "showId" : 112,
    "type" : "tvseries",
    "genres" : ["action", "drama", "fantasy","english"],
    "numSeasons" : 4,
    "seriesInfo": [
      {
        "seasonNum" : 1,
        "numEpisodes" : 2,
        "episodes": [
          { "episodeID": 109, "lengthMin": 70, "minWatched": 70, "date" : "2021-01-11"},
          { "episodeID": 110, "lengthMin": 60, "minWatched": 60, "date" : "2021-01-12"}
        ]
      },
      {
        "seasonNum": 2,
        "numEpisodes" : 5,
        "episodes": [
          { "episodeID": 111, "lengthMin": 50, "minWatched": 38, "date" : "2021-01-15"},
          { "episodeID": 112, "lengthMin": 45, "minWatched": 43, "date" : "2021-01-16"},
          { "episodeID": 113, "lengthMin": 45, "minWatched": 45, "date" : "2021-01-18"}
        ]
      },
      {
        "seasonNum": 3,
        "numEpisodes" : 2,
        "episodes": [
          { "episodeID": 116, "lengthMin": 50, "minWatched": 40, "date" : "2021-01-20"},
          { "episodeID": 117, "lengthMin": 45, "minWatched": 35, "date" : "2021-01-23"}
        ]
      },
      {
        "seasonNum": 4,
        "numEpisodes" : 2,
        "episodes": [

          { "episodeID": 118, "lengthMin": 50, "minWatched": 50, "date" : "2021-02-13"},
          { "episodeID": 119, "lengthMin": 45, "minWatched": 40, "date" : "2021-02-16"}
        ]
      }
    ]
}
