 {
    "showName" : "Supergirl",
    "showId" : 120,
    "type" : "tvseries",
    "genres" : ["Adventure", "Action","Drama", "Spanish"],
    "numSeasons" : 3,
    "seriesInfo": [
      {
        "seasonNum" : 1,
        "numEpisodes" : 2,
        "episodes": [
          { "episodeID": 183, "lengthMin": 70, "minWatched": 70, "date" : "2021-03-18"},
          { "episodeID": 184, "lengthMin": 60, "minWatched": 60, "date" : "2021-03-19"}
        ]
      },
      {
        "seasonNum": 2,
        "numEpisodes" : 4,
        "episodes": [
          { "episodeID": 185, "lengthMin": 50, "minWatched": 45, "date" : "2021-03-25"},
          { "episodeID": 186, "lengthMin": 45, "minWatched": 44, "date" : "2021-03-26"},
          { "episodeID": 187, "lengthMin": 45, "minWatched": 45, "date" : "2021-03-26"},
          { "episodeID": 188, "lengthMin": 45, "minWatched": 45, "date" : "2021-03-26"}
        ]
      },
      {
        "seasonNum": 3,
        "numEpisodes" : 2,
        "episodes": [
          { "episodeID": 189, "lengthMin": 50, "minWatched": 40, "date" : "2021-04-02"},
          { "episodeID": 190, "lengthMin": 45, "minWatched": 35, "date" : "2021-04-03"}
        ]
      },
      {
        "seasonNum": 4,
        "numEpisodes" : 3,
        "episodes": [
          { "episodeID": 191, "lengthMin": 50, "minWatched": 50, "date" : "2021-04-13"},
          { "episodeID": 192, "lengthMin": 45, "minWatched": 43, "date" : "2021-04-16"},
          { "episodeID": 193, "lengthMin": 45, "minWatched": 40, "date" : "2021-04-17"}
        ]
      }
    ]
}
