 {
    "showName" : "Game of Thrones",
    "showId" : 102,
    "type" : "tvseries",
    "genres" : ["action", "adventure", "fiction","english"],
    "numSeasons" : 4,
    "seriesInfo": [
      {
        "seasonNum" : 1,
        "numEpisodes" : 2,
        "episodes": [
          { "episodeID": 18, "lengthMin": 70, "minWatched": 70, "date" : "2021-01-18"},
          { "episodeID": 19, "lengthMin": 60, "minWatched": 60, "date" : "2021-01-19"}
        ]
      },
      {
        "seasonNum": 2,
        "numEpisodes" : 4,
        "episodes": [
          { "episodeID": 20, "lengthMin": 50, "minWatched": 30, "date" : "2021-01-25"},
          { "episodeID": 21, "lengthMin": 45, "minWatched": 40, "date" : "2021-01-26"},
          { "episodeID": 22, "lengthMin": 45, "minWatched": 45, "date" : "2021-01-26"}
        ]
      },
      {
        "seasonNum": 3,
        "numEpisodes" : 2,
        "episodes": [
          { "episodeID": 24, "lengthMin": 50, "minWatched": 20, "date" : "2021-02-02"},
          { "episodeID": 25, "lengthMin": 45, "minWatched": 35, "date" : "2021-02-03"}
        ]
      },
      {
        "seasonNum": 4,
        "numEpisodes" : 3,
        "episodes": [

          { "episodeID": 26, "lengthMin": 50, "minWatched": 50, "date" : "2021-02-13"},
          { "episodeID": 27, "lengthMin": 45, "minWatched": 40, "date" : "2021-02-16"},
          { "episodeID": 28, "lengthMin": 45, "minWatched": 40, "date" : "2021-02-17"}
        ]
      }
    ]
}
