{
  "acct_id" : 1,
  "user_id" : 1,
  "info" : {
    "firstName": "Angela",
    "lastName": "Mercel",
    "country" : "Germany",
    "shows": [
      {
        "showName" : "Casa de papel",
        "showId" : 26,
        "type" : "tvseries",
        "genres" : ["action", "crime", "spanish"], 
        "numSeasons" : 4,
        "seriesInfo": [
          {
            "seasonNum" : 1,
            "numEpisodes" : 2,
            "episodes": [
              {
                "episodeID": 20,
                "lengthMin": 85,
                "minWatched": 85,
                "date" : "2021-04-18"
              },
              {
                "episodeID": 30,
                "lengthMin": 60,
                "minWatched": 60,
                "date" : "2021-04-18"
              }
            ]
          },
          {
            "seasonNum": 2,
            "numEpisodes" : 4,
            "episodes": [
              {
                "episodeID": 40,
                "lengthMin": 50,
                "minWatched": 50,
                "date" : "2021-04-25"
              },
              {
                "episodeID": 50,
                "lengthMin": 45,
                "minWatched": 30,
                "date" : "2021-04-27"
              }
            ]
          }
        ]
      },
      {
        "showName": "Call My Agent",
        "showId": 15,
        "type": "tvseries",
        "genres" : ["comedy", "french"], 
        "numSeasons" : 2,
        "seriesInfo": [
          {
            "seasonNum" : 1,
            "numEpisodes" : 2,
            "episodes": [
              {
                "episodeID": 20,
                "lengthMin": 45,
                "minWatched": 45,
                "date" : "2021-03-07"
              },
              {
                "episodeID": 30,
                "lengthMin": 42,
                "minWatched": 42,
                "date" : "2021-03-08"
              }
            ]
          }
        ]
      }
    ]
  }
}
