{
  "acct_id" : 1,
  "user_id" : 2,
  "info" : {
    "firstName": "Emmanuel",
    "lastName": "Macron",
    "country" : "France",
    "shows": [
      {
        "showName": "Call My Agent",
        "showId": 15,
        "type": "tvseries",
        "genres" : ["comedy", "french"], 
        "numSeasons" : 2,
        "seriesInfo": [
          {
            "seasonNum" : 1,
            "numEpisodes" : 2,
            "episodes": [
              {
                "episodeID": 20,
                "lengthMin": 45,
                "minWatched": 45,
                "date": "2021-06-01"
              },
              {
                "episodeID": 30,
                "lengthMin": 42,
                "minWatched": 42,
                "date": "2021-06-01"
              }
            ]
          },
          {
            "seasonNum": 2,
            "numEpisodes" : 3,
            "episodes": [
              {
                "episodeID": 40,
                "lengthMin": 50,
                "minWatched": 50,
                "date": "2021-06-01"
              }
            ]
          }
        ]
      }
    ]
  }
}
